group,n,peak_kW,peak_kW_std,CF,CF_std,CS,CS_std,CS_occ,CS_occ_std,ZCR,ZCR_std,tot_cost,tot_cost_std,energy_kWh,energy_kWh_std,override_rate,override_rate_std
frz|01_baseline|W1,5,94.084503125,2.3350586366179518,0.9666731974939129,0.014853257393591685,0.934435671644622,0.0011273249507321613,0.9376240228774682,0.0010738020330137207,88.66627370075646,0.17198692184569045,57800.40543990429,1242.733435368213,121156.93400062714,2803.8651002742417,0.04209322678843227,0.0010936439801118652
frz|01_baseline|W2_cool,1,55.2134296875,0.0,0.9846686911300402,0.0,0.9374863463746149,0.0,0.9351748115754465,0.0,87.1971706454465,0.0,28909.382076722184,0.0,52799.75790912247,0.0,0.01931697108066971,0.0
frz|01_baseline|W2_hot,1,103.75696875,0.0,0.9673656037530826,0.0,0.8842055479564631,0.0,0.8738175147171046,0.0,80.16160723057276,0.0,83065.45117789708,0.0,184569.7913924637,0.0,0.04816971080669711,0.0
frz|02_learnC|W1,5,93.40061875,1.6838774430935801,0.9681282993524144,0.007577639588242876,0.9350696387514038,0.0010652367311390167,0.9389729548634955,0.0009695976315733694,88.67275763827487,0.17497638682065594,57693.233916412355,1190.9782085152615,122613.2795404068,2785.6620806621854,0.039997716894977164,0.001207937367882804
frz|02_learnC|W2_cool,1,55.2989140625,0.0,0.9966805366379683,0.0,0.93562531036563,0.0,0.9338378652100221,0.0,86.79732783181059,0.0,29250.313416823912,0.0,54378.341676898955,0.0,0.01874048706240487,0.0
frz|02_learnC|W2_hot,1,102.4267109375,0.0,0.9815952527395357,0.0,0.885517544614244,0.0,0.8740540569686025,0.0,79.75783475783476,0.0,82417.1985515591,0.0,185101.9893537674,0.0,0.04506468797564688,0.0
frz|03_cong5|W1,5,96.284965625,2.1847242260096307,0.9518495832834244,0.019792029511574247,0.9230310540635729,0.002616409068036945,0.9262217348790145,0.0025403088442328627,86.30739758325964,0.38602722594472516,56621.53843002349,1111.107779573307,118436.7021203911,2779.679839749811,0.04519482496194825,0.0013040683778735148
frz|03_cong5|W2_cool,1,57.48611328125,0.0,0.9986684424163197,0.0,0.9373646762530801,0.0,0.9352443737817521,0.0,87.09106984969054,0.0,28835.50482295644,0.0,51759.58456222916,0.0,0.019341704718417046,0.0
frz|03_cong5|W2_hot,1,106.3664453125,0.0,0.9500199239620465,0.0,0.8584459544749633,0.0,0.8469668636688643,0.0,75.30258375085961,0.0,83544.26004493839,0.0,184057.86493782426,0.0,0.058042237442922376,0.0
frz|04_full|W1,5,88.49085468749999,3.592262144759027,0.9266218611885495,0.02753635505405572,0.9040947029984483,0.0033009166096980005,0.9075041461162912,0.0031607247373913417,82.94871794871794,0.4809445874296725,55038.604430821586,1086.9812982366914,116682.32367659379,2637.7917267066096,0.04706316590563166,0.001343112655281047
frz|04_full|W2_cool,1,48.56049609375,0.0,0.8970538352521826,0.0,0.9291856489067842,0.0,0.9272577547035384,0.0,84.63454170350721,0.0,27819.06506875273,0.0,51281.126614059445,0.0,0.020386225266362253,0.0
frz|04_full|W2_hot,1,102.67153125,0.0,0.9585035840207836,0.0,0.8120650183382074,0.0,0.7985094697976355,0.0,66.33755771686806,0.0,80243.08280862853,0.0,180057.99117232894,0.0,0.06307077625570777,0.0
frz|alt_fixedref|W1,5,88.3107046875,2.8474037450121776,0.9290629653831293,0.02988001827666269,0.9080678279652193,0.0030893471139215017,0.9116340491972622,0.0029671531772207512,83.60015718636409,0.42266553292038717,55354.87920378577,1141.193355841982,117432.28364201507,2660.2989931008815,0.04645091324200913,0.001336227186502737
frz|alt_fixedref|W2_cool,1,48.5076484375,0.0,0.8971660685091657,0.0,0.9302610235744599,0.0,0.9284209583559607,0.0,85.02259553983691,0.0,27936.56503903901,0.0,51708.49800085831,0.0,0.02012937595129376,0.0
frz|alt_fixedref|W2_hot,1,102.0162890625,0.0,0.9507868956956349,0.0,0.8110313400396464,0.0,0.7975054666489987,0.0,66.23636899498968,0.0,80144.75892070949,0.0,180022.6808234787,0.0,0.06328957382039574,0.0
frz|mech_const|W1,5,94.37438593750001,2.6605131633648718,0.9587963604932981,0.02208813128702342,0.9255438966169299,0.001655338571529099,0.9306965358466452,0.0013760910751822088,87.00412614205717,0.26532543291966193,57303.850461406146,1119.7490946798657,119135.12629318543,2724.7561608739416,0.04636339421613394,0.0014263485580363635
frz|mech_const|W2_cool,1,58.13805078125,0.0,0.9963768890906581,0.0,0.931840194667509,0.0,0.9306776985644661,0.0,86.33018960605168,0.0,29021.417929999872,0.0,52295.61611056137,0.0,0.020646879756468797,0.0
frz|mech_const|W2_hot,1,104.6849921875,0.0,0.9698226974596689,0.0,0.8656087405730627,0.0,0.8563937588959643,0.0,76.66470183711563,0.0,83787.71678485697,0.0,186325.8137951317,0.0,0.05788051750380518,0.0
frz|sw_c3_L1|W1,5,95.6652703125,2.288182919803657,0.9479430976674316,0.02061726589166776,0.9267306727468483,0.0018898665908100836,0.9315079165097437,0.0016744042056891437,86.9865409175754,0.32387210703465075,56996.65777362794,1006.6146389351516,119649.5512157509,2754.648056803691,0.044345129375951295,0.0012445826826942615
frz|sw_c3_L1|W2_cool,1,58.09771484375,0.0,0.9989142182187021,0.0,0.9330055870661639,0.0,0.9313727631514979,0.0,86.5389527458493,0.0,29219.567322851242,0.0,52530.05678290939,0.0,0.019570015220700152,0.0
frz|sw_c3_L1|W2_hot,1,105.1045234375,0.0,0.9464806104771532,0.0,0.8583949313504871,0.0,0.848162961751003,0.0,75.4229295608606,0.0,83294.34151355858,0.0,184827.93837530518,0.0,0.05481735159817352,0.0
frz|sw_c4_L1|W1,5,94.2876484375,2.4978679971078024,0.9484361205473906,0.02108640601761408,0.9166456446598996,0.002559524138294792,0.9207680468269915,0.0023871400131624462,85.01267315060417,0.35615929863213147,56054.84980189856,1131.1715714203506,117991.8269669426,2727.6429498191696,0.04542808219178082,0.0012704007268873694
frz|sw_c4_L1|W2_cool,1,48.49121484375,0.0,0.8962285754744241,0.0,0.930338173754079,0.0,0.9285240232628283,0.0,85.05206798310246,0.0,27952.00474679171,0.0,51732.96343026352,0.0,0.020201674277016742,0.0
frz|sw_c4_L1|W2_hot,1,104.9222890625,0.0,0.9651725095947652,0.0,0.8448970788878419,0.0,0.833817595299229,0.0,73.10590431280086,0.0,82731.09899363651,0.0,183794.7478769264,0.0,0.057136605783866055,0.0
frz|sw_c8_L0|W1,5,87.7128578125,4.412474772598384,0.9225222445637534,0.01990766160435907,0.895162611587925,0.005712973763954056,0.8967272101649975,0.005821169843272982,81.15630219078494,0.8383999297199795,54743.692171618575,1147.9993636050024,115761.41409045717,2636.157445089104,0.048662861491628615,0.001653543070670511
frz|sw_c8_L0|W2_cool,1,48.09601953125,0.0,0.8981131340756718,0.0,0.9320441092082229,0.0,0.9295435753252139,0.0,83.51065920031438,0.0,27552.257092306856,0.0,50850.999322322845,0.0,0.01985159817351598,0.0
frz|sw_c8_L0|W2_hot,1,103.5151328125,0.0,0.9553475317954745,0.0,0.7990542578951134,0.0,0.7836768987234226,0.0,60.17978190391984,0.0,79368.07073099498,0.0,178140.470911026,0.0,0.06629185692541857,0.0
frz|sw_c8_L1|W1,5,87.7730109375,5.379568298503645,0.914191714611664,0.03691675052968598,0.8795911469604427,0.006824518060653826,0.881063433107004,0.006988639603618961,79.18518518518519,0.9454108585404908,54296.89788888766,1096.9771179469237,115449.91703127822,2531.653078589282,0.050328006088280065,0.0017724089105809768
frz|sw_c8_L1|W2_cool,1,48.8743671875,0.0,0.8978543100076193,0.0,0.926740669630225,0.0,0.924630607679517,0.0,83.32793005206798,0.0,27720.2981919858,0.0,51129.98828070831,0.0,0.02048896499238965,0.0
frz|sw_c8_L1|W2_hot,1,101.5923984375,0.0,0.9164658631128602,0.0,0.7517521021747524,0.0,0.7331657933969915,0.0,54.52844090775125,0.0,77609.07782876318,0.0,174642.96578316498,0.0,0.07148211567732116,0.0
mad|maddpg_cold_floor|W1,5,96.9615421875,2.038401275194811,0.9363375468009449,0.014830395014452796,0.918076638985411,0.0023308562876289698,0.9262221252007864,0.002122754417092576,83.400923469889,0.4085150094781249,55870.98989340667,1144.8799209826927,119552.8615797493,2588.4655690600944,,
mad|maddpg_cold_floor|W2_cool,1,57.6776796875,0.0,0.887363297027004,0.0,0.8988597733179056,0.0,0.8990741356001767,0.0,79.44051478534237,0.0,27634.427879836458,0.0,51761.359250591275,0.0,,
mad|maddpg_cold_floor|W2_hot,1,99.135484375,0.0,0.8953817189687325,0.0,0.8593585107635238,0.0,0.8477989408801588,0.0,71.26731506041851,0.0,81225.2478569834,0.0,185583.48811113357,0.0,,
mad|maddpg_cold|W1,5,105.9889203125,2.087463433615575,0.9937462117320148,0.004985500643188813,0.916389482641552,0.0017069243409876974,0.9238013273089243,0.0013998162344422062,83.10492189802535,0.31096841853447726,56504.35402629709,830.0911496226428,120270.1364825241,2408.9906477142067,,
mad|maddpg_cold|W2_cool,1,61.87703125,0.0,0.931670701067123,0.0,0.9050858049124894,0.0,0.905674113064451,0.0,79.92582768444836,0.0,28132.745795869123,0.0,52435.463294929505,0.0,,
mad|maddpg_cold|W2_hot,1,109.4130625,0.0,0.9474783795516242,0.0,0.8600171838311694,0.0,0.8482051539563373,0.0,72.18341683858925,0.0,82165.58408752368,0.0,186225.12158990098,0.0,,
mad|maddpg_warm_rea|W1,5,103.4624890625,4.001043306141034,0.9773419574618348,0.015432538205504179,0.9229940158257509,0.0019232440951284038,0.9306025088632701,0.0017232470879765206,84.301404853129,0.2878792547816125,57033.614569829624,1214.3361281728262,120996.73656119537,2576.995231614293,,
mad|maddpg_warm_rea|W2_cool,1,61.5020859375,0.0,0.9490201173960929,0.0,0.918829101729467,0.0,0.9219050971780718,0.0,81.1641615089891,0.0,28526.86486531274,0.0,53937.74900880432,0.0,,
mad|maddpg_warm_rea|W2_hot,1,107.835703125,0.0,0.9400420989365423,0.0,0.870212775187696,0.0,0.8596510683874482,0.0,72.48649179683663,0.0,82839.17367935943,0.0,189684.38176142503,0.0,,
onl|01_baseline|W1,5,100.250609375,1.8278072163451156,0.9596219089279993,0.016464181158424136,0.9340148792241623,0.0011884952441515012,0.9369401741327197,0.001171619037416345,88.58610865507417,0.21439067052008381,58888.41029337654,1308.6339741926402,123222.82522022782,2967.442359285039,0.04176636225266363,0.0010896816513869553
onl|01_baseline|W2_cool,1,64.24314453125,0.0,0.9546478471396809,0.0,0.9397292408626677,0.0,0.9376748021139777,0.0,88.00962766480008,0.0,29997.208924092578,0.0,53928.570789161684,0.0,0.018687214611872147,0.0
onl|01_baseline|W2_hot,1,104.1407421875,0.0,0.9788298714724464,0.0,0.8848999762827366,0.0,0.8744419953472102,0.0,80.39001866588073,0.0,83173.40847084492,0.0,184810.05197140502,0.0,0.049535768645357685,0.0
onl|04_full|W1,5,96.2729171875,6.376637815614962,0.9342450446579221,0.040507788272061064,0.9066608399472443,0.004033044492570705,0.9089907477069149,0.004135240256647088,82.73514097652028,0.5616608413334335,56219.32671232328,1053.1456613777762,117178.76214184647,2648.172749438411,0.04631012176560122,0.0013487216000202071
onl|04_full|W2_cool,1,56.698796875,0.0,0.8911324980115628,0.0,0.9286797783092071,0.0,0.9263105328808817,0.0,85.66656842518911,0.0,28372.56132817589,0.0,51318.21349154663,0.0,0.020380517503805175,0.0
onl|04_full|W2_hot,1,104.806625,0.0,0.8887171307381855,0.0,0.8593738400768458,0.0,0.8479256764605462,0.0,74.05344336378819,0.0,81883.11772492768,0.0,182641.33026981735,0.0,0.0534189497716895,0.0
onl|alt_fixedref|W1,5,97.4161875,5.780465666302796,0.9459593992508054,0.033048493899498696,0.9082745620597814,0.0026684924228006397,0.9106277053007602,0.0027974993718735777,83.25906277630415,0.38996830459229276,56286.37886822382,1294.1376739871296,117690.88437270508,2818.3804562175396,0.045858447488584475,0.0011930508756125267
onl|alt_fixedref|W2_cool,1,56.79536328125,0.0,0.851550257728799,0.0,0.9345492620360111,0.0,0.9326290880732574,0.0,86.52028686511444,0.0,28653.03154968714,0.0,51994.19718428802,0.0,0.01867199391171994,0.0
onl|alt_fixedref|W2_hot,1,115.605484375,0.0,0.9827399850543205,0.0,0.8580452545709234,0.0,0.8466471591258942,0.0,73.40062874545633,0.0,81926.35257711285,0.0,182476.15835375214,0.0,0.05417237442922374,0.0
rbc|rbc_dl|W1,5,97.205259375,2.677529954749626,0.9834465597818106,0.007056939660590042,0.9416776035698687,0.0008403145446903682,0.9458115559678528,0.0008586040764049524,90.47607820021612,0.13535032168018135,61154.64500549094,1310.115215065374,137962.9247710533,2808.782606291593,,
rbc|rbc_dl|W2_cool,1,48.51448046875,0.0,0.8960881315397811,0.0,0.9472793780174299,0.0,0.9470672297211583,0.0,90.84192946261912,0.0,32192.802483710315,0.0,67814.11638287353,0.0,,
rbc|rbc_dl|W2_hot,1,110.0148984375,0.0,0.9928128821482544,0.0,0.8948017738664301,0.0,0.8838595287276516,0.0,81.79634541703507,0.0,81890.29662966556,0.0,188493.21641262437,0.0,,
rbc|rbc_pro_cm0p5|W1,5,91.110153125,3.051466085989499,0.9522690826509743,0.015005005599123685,0.9455892585475383,0.0007887188660460228,0.9485912478325045,0.0008029790854563329,90.9910600255428,0.1128032927283854,61769.836021603005,1206.6988526331056,141583.65303959732,2759.8615643786798,,
rbc|rbc_pro_cm0p5|W2_cool,1,49.46272265625,0.0,0.904172535615413,0.0,0.9512988641135939,0.0,0.9505879120852369,0.0,91.33952254641909,0.0,33081.72898425054,0.0,70528.74651807404,0.0,,
rbc|rbc_pro_cm0p5|W2_hot,1,98.0076171875,0.0,0.9986683829862362,0.0,0.898657026870028,0.0,0.8880025586796798,0.0,82.42803811769329,0.0,81628.58370027874,0.0,191938.42148865128,0.0,,
rbc|rbc_pro_cm1p5|W1,5,90.76476875,4.156357873653694,0.9512649203251986,0.040568515646747585,0.9406321136226369,0.0008645347533199023,0.9429949975544323,0.0008622064630870724,90.04489635524118,0.1553709233731226,60480.39276528927,1326.2497274854097,136929.2530175354,2867.2866877484653,,
rbc|rbc_pro_cm1p5|W2_cool,1,47.5896796875,0.0,0.8867022106463721,0.0,0.945267211097765,0.0,0.9433500258937685,0.0,90.39100108065625,0.0,31953.764295207024,0.0,67874.11775674438,0.0,,
rbc|rbc_pro_cm1p5|W2_hot,1,93.28090625,0.0,0.9678153525300838,0.0,0.8918806175956128,0.0,0.8807346772697869,0.0,81.43530798703212,0.0,79549.4218387338,0.0,186169.31274384688,0.0,,
rbc|rbc_pro_cm2p0|W1,5,92.8435171875,0.15704517792322184,0.9764095495927151,0.009360851853879993,0.9372518351761258,0.0009887444970729498,0.9392653931506573,0.001006232955857024,89.44405147853423,0.17885932816311717,59928.534376274714,1190.6163950034568,134751.79338481367,2953.3992606227357,,
rbc|rbc_pro_cm2p0|W2_cool,1,46.5263046875,0.0,0.8719731608912936,0.0,0.9417764170303577,0.0,0.9393587973558407,0.0,89.92238923273406,0.0,31450.847183377773,0.0,66843.3503432312,0.0,,
rbc|rbc_pro_cm2p0|W2_hot,1,96.0782265625,0.0,0.9785775747074544,0.0,0.8881418320151164,0.0,0.8767564336687212,0.0,80.77070439139405,0.0,78674.77663709116,0.0,183647.32451964187,0.0,,
rbc|rbc_pro_cm2p5|W1,5,92.84246875,0.8320314595070185,0.9777183378621712,0.016020096803917222,0.9327195167594418,0.0012687411173305263,0.9343527365202575,0.001336420721523025,88.66391590529523,0.23848106028755592,59282.845207715916,1328.8423230190547,132700.74898786546,2983.1860930961293,,
rbc|rbc_pro_cm2p5|W2_cool,1,45.6386171875,0.0,0.8668736661678735,0.0,0.9374831133925902,0.0,0.9345400005319883,0.0,89.28578445819825,0.0,30947.43414281609,0.0,65886.49047393036,0.0,,
rbc|rbc_pro_cm2p5|W2_hot,1,99.047421875,0.0,0.9873667446449527,0.0,0.8833294082732919,0.0,0.8717945240396263,0.0,79.84428725808036,0.0,77857.36548825745,0.0,181224.43748480987,0.0,,
rbc|rbc_proactive|W1,5,90.9359203125,3.4326437673464167,0.9582536283976459,0.014310022980236961,0.9434280485485431,0.0008237673026733608,0.9461183034096639,0.0008330325152539339,90.55752038510659,0.12083252455472043,61050.13320368965,1321.043930401396,139200.59428699722,2823.198091837512,,
rbc|rbc_proactive|W2_cool,1,48.5009140625,0.0,0.8949678302926666,0.0,0.9485755405069642,0.0,0.94721311502073,0.0,90.8684546615581,0.0,32475.92744002737,0.0,69068.98582677841,0.0,,
rbc|rbc_proactive|W2_hot,1,95.2156953125,0.0,0.9901134926339037,0.0,0.8953312999910705,0.0,0.8844240319094685,0.0,81.98005698005699,0.0,80560.32273330599,0.0,188921.43750190354,0.0,,
rbc|rbc_reactive|W1,5,93.7686359375,0.5335250988048118,0.9742747269215088,0.005275721094507524,0.9015578019747214,0.0028393057271732503,0.916054357013804,0.0025313782782761347,85.59190490224974,0.45028193807528416,53717.732078857916,1168.0362643815301,106190.57385103912,2868.218602083014,,
rbc|rbc_reactive|W2_cool,1,50.51807421875,0.0,0.9236383743388092,0.0,0.9187371982073863,0.0,0.9213404317205015,0.0,87.18783770507909,0.0,25567.626050196297,0.0,42293.643289386746,0.0,,
rbc|rbc_reactive|W2_hot,1,99.932515625,0.0,0.9542811783503358,0.0,0.8355398424242282,0.0,0.8397705299209396,0.0,75.4479811376363,0.0,78705.65215631085,0.0,173565.69897720718,0.0,,
